"Entry point","Route","Component or redirect","Declared role gate","Facility type gate"
"App.tsx","/","{moduleAccess.homePath ?? ""/login""}","see route body",""
"App.tsx","/login","Login","see route body",""
"App.tsx","/demo","Demo","see route body",""
"App.tsx","/signup","Signup","see route body",""
"App.tsx","/forgot-password","ForgotPassword","see route body",""
"App.tsx","/reset-password","ResetPassword","see route body",""
"App.tsx","/legal/facility-signup","FacilitySignupLegal","see route body",""
"App.tsx","/verify/:slug","VerifyCertificate","see route body",""
"App.tsx","/passport/:slug","TrainingPassport","see route body",""
"App.tsx","/report-safety","SafetyReport","see route body",""
"App.tsx","/checkin/:token","CheckIn","see route body",""
"App.tsx","/checkin","CheckIn","see route body",""
"App.tsx","/evidence-access/:token","EvidenceGuestRoom","see route body",""
"App.tsx","/evidence-access","EvidenceGuestRoom","see route body",""
"App.tsx","/move-in-access/:token","MoveInGuestPortal","see route body",""
"App.tsx","/move-in-access","MoveInGuestPortal","see route body",""
"App.tsx","/resident-agreement-access/:token","ResidentAgreementGuestPortal","see route body",""
"App.tsx","/resident-agreement-access","ResidentAgreementGuestPortal","see route body",""
"App.tsx","/survey-packet-access/:token","SurveyPacketGuestDownload","see route body",""
"App.tsx","/survey-packet-access","SurveyPacketGuestDownload","see route body",""
"App.tsx","/resident-portal","ResidentDesignatedPersonPortal","see route body",""
"App.tsx","/account/security","MfaSettings","ANY_ROLE",""
"App.tsx","/account/notifications","NotificationSettings","ANY_ROLE",""
"App.tsx","/account/announcements","Announcements","ANY_ROLE",""
"App.tsx","/account/whats-new","ProductChangelog","ANY_ROLE",""
"App.tsx","/account/manager-digest/:id","ManagerDigest","ANY_ROLE",""
"App.tsx","/features","Features","see route body",""
"App.tsx","/who-its-for","""/features""","see route body",""
"App.tsx","/request-demo","""/demo""","see route body",""
"App.tsx","/security","Security","see route body",""
"App.tsx","/how-it-works","HowItWorks","see route body",""
"App.tsx","/savings","Savings","see route body",""
"App.tsx","/pa-training-requirements","PaTrainingRequirements","see route body",""
"App.tsx","/pa-dhs-citations","PaDhsCitations","see route body",""
"App.tsx","/regulatory-updates","RegulatoryUpdates","see route body",""
"App.tsx","/faq","Faq","see route body",""
"App.tsx","/about","About","see route body",""
"App.tsx","/privacy","Privacy","see route body",""
"App.tsx","/terms","Terms","see route body",""
"App.tsx","/admin","AdminDashboard","PLATFORM_ADMIN",""
"App.tsx","/admin/training-reports","TrainingReports","PLATFORM_ADMIN",""
"App.tsx","/admin/organizations","Organizations","PLATFORM_ADMIN",""
"App.tsx","/admin/organizations/:id","OrganizationDetail","PLATFORM_ADMIN",""
"App.tsx","/admin/users","Users","PLATFORM_ADMIN",""
"App.tsx","/admin/audit","AuditLog","PLATFORM_ADMIN",""
"App.tsx","/admin/facilities","Facilities","PLATFORM_ADMIN",""
"App.tsx","/admin/facilities/:id","FacilityDetail","PLATFORM_ADMIN",""
"App.tsx","/admin/employees","Employees","PLATFORM_ADMIN",""
"App.tsx","/admin/employees/:id","EmployeeDetail","PLATFORM_ADMIN",""
"App.tsx","/admin/alerts","Alerts","PLATFORM_ADMIN",""
"App.tsx","/admin/incidents/:id","IncidentDetail","PLATFORM_ADMIN",""
"App.tsx","/admin/complaints/:id","ComplaintDetail","PLATFORM_ADMIN",""
"App.tsx","/admin/violations/:id","ViolationDetail","PLATFORM_ADMIN",""
"App.tsx","/admin/inspections/:id","InspectionItemDetail","PLATFORM_ADMIN",""
"App.tsx","/admin/residents/:id","ResidentDetail","PLATFORM_ADMIN",""
"App.tsx","/admin/residents/:residentId/assessment-forms/:formId","ResidentAssessmentFormEditor","PLATFORM_ADMIN",""
"App.tsx","/admin/packages","Packages","PLATFORM_ADMIN",""
"App.tsx","/admin/courses","Courses","PLATFORM_ADMIN",""
"App.tsx","/admin/courses/new-ai","AiCourseWizard","PLATFORM_ADMIN",""
"App.tsx","/admin/courses/:id","CourseDetail","PLATFORM_ADMIN",""
"App.tsx","/admin/quizzes/:quizId","QuizBuilder","PLATFORM_ADMIN",""
"App.tsx","/admin/ai-generations","AiGenerationLog","PLATFORM_ADMIN",""
"App.tsx","/admin/training-plans","TrainingPlans","PLATFORM_ADMIN",""
"App.tsx","/admin/notifications","NotificationDeliveries","PLATFORM_ADMIN",""
"App.tsx","/admin/system-jobs","SystemJobs","PLATFORM_ADMIN",""
"App.tsx","/admin/enterprise","EnterpriseFoundation","PLATFORM_ADMIN",""
"App.tsx","/admin/qualified-workforce","QualifiedWorkforce","PLATFORM_ADMIN",""
"App.tsx","/admin/governed-learning","GovernedLearning","PLATFORM_ADMIN",""
"App.tsx","/admin/closed-loop-compliance","ClosedLoopCompliance","PLATFORM_ADMIN",""
"App.tsx","/admin/regulatory-copilot","RegulatoryCopilot","PLATFORM_ADMIN","PCH_ALR_ONLY_FACILITY_TYPES"
"App.tsx","/admin/settings","PlatformSettings","PLATFORM_ADMIN",""
"App.tsx","/admin/security","SecurityGovernance","PLATFORM_ADMIN",""
"App.tsx","/admin/release-flags","ReleaseFlags","PLATFORM_ADMIN",""
"App.tsx","/admin/support-tickets","AdminSupportTickets","PLATFORM_ADMIN",""
"App.tsx","/admin/support-tickets/:id","AdminSupportTicketDetail","PLATFORM_ADMIN",""
"App.tsx","/admin/help-content","AdminHelpContent","PLATFORM_ADMIN",""
"App.tsx","/admin/regulatory-updates","AdminRegulatoryUpdates","PLATFORM_ADMIN",""
"App.tsx","/admin/document-analyzer","DocumentAnalyzer","PLATFORM_ADMIN",""
"App.tsx","/admin/roadmap","ImprovementRoadmap","PLATFORM_ADMIN",""
"App.tsx","/app/my-trainings","""/me/trainings""","see route body",""
"App.tsx","/app/my-schedule","""/me/schedule""","see route body",""
"App.tsx","/app/policies","""/app/policy-documents""","see route body",""
"App.tsx","/app/shift-log","""/app/shift-handoffs""","see route body",""
"App.tsx","/app/work-orders/:id","LegacyWorkOrderRedirect","see route body",""
"App.tsx","/admin/work-orders/:id","LegacyWorkOrderRedirect","see route body",""
"App.tsx","/app","OrgDashboard","ORG_ROLES",""
"App.tsx","/app/today","Today","REPORTS_VIEW_ROLES",""
"App.tsx","/app/value-center","ValueCenter","ORG_MANAGE_ROLES",""
"App.tsx","/app/facilities","Facilities","ORG_ROLES",""
"App.tsx","/app/facilities/:id","FacilityDetail","ORG_ROLES",""
"App.tsx","/app/employees","Employees","ORG_ROLES",""
"App.tsx","/app/data-imports","DataImportCenter","ORG_MANAGE_ROLES",""
"App.tsx","/app/invitations","InvitationLifecycle","[""platform_admin"", ""org_admin"", ""facility_manager"", ""auditor""]",""
"App.tsx","/app/employee-lifecycle","EmployeeLifecycleCases","ORG_MANAGE_ROLES",""
"App.tsx","/app/employees/:id","EmployeeDetail","ORG_ROLES",""
"App.tsx","/app/train","TrainWorkspace","ORG_ROLES",""
"App.tsx","/app/training-matrix","TrainingMatrix","ORG_ROLES",""
"App.tsx","/app/training-types","TrainingTypes","ORG_MANAGE_ROLES",""
"App.tsx","/app/courses","Courses","ORG_ROLES",""
"App.tsx","/app/courses/:id","CourseDetail","ORG_ROLES",""
"App.tsx","/app/course-assignments","CourseAssignments","ORG_ROLES",""
"App.tsx","/app/training-plans","TrainingPlans","ORG_ROLES",""
"App.tsx","/app/competency-templates","CompetencyTemplates","ORG_ROLES",""
"App.tsx","/app/competency-records","CompetencyRecords","ORG_ROLES",""
"App.tsx","/app/compliance-binder","ComplianceBinder","REPORTS_VIEW_ROLES",""
"App.tsx","/app/compliance-command-center","ComplianceCommandCenter","REPORTS_VIEW_ROLES",""
"App.tsx","/app/inspection-readiness","InspectionReadiness","REPORTS_VIEW_ROLES","PCH_ALR_ONLY_FACILITY_TYPES"
"App.tsx","/app/survey-day","SurveyDay","REPORTS_VIEW_ROLES","PCH_ALR_ONLY_FACILITY_TYPES"
"App.tsx","/app/survey-rehearsals","SurveyRehearsals","REPORTS_VIEW_ROLES","PCH_ALR_ONLY_FACILITY_TYPES"
"App.tsx","/app/pch-alr-operations","PchAlrOperations","REPORTS_VIEW_ROLES","PCH_ALR_ONLY_FACILITY_TYPES"
"App.tsx","/app/shift-handoffs","ShiftHandoffInbox","ORG_MANAGE_ROLES","PCH_ALR_ONLY_FACILITY_TYPES"
"App.tsx","/app/regulatory-crosswalk","RegulatoryCrosswalk","REPORTS_VIEW_ROLES","PCH_ALR_ONLY_FACILITY_TYPES"
"App.tsx","/app/regulatory-copilot","RegulatoryCopilot","REPORTS_VIEW_ROLES","PCH_ALR_ONLY_FACILITY_TYPES"
"App.tsx","/app/practicums","Practicums","ORG_ROLES","PCH_ALR_ONLY_FACILITY_TYPES"
"App.tsx","/app/med-admin-roster","MedAdminRoster","ORG_ROLES","PCH_ALR_ONLY_FACILITY_TYPES"
"App.tsx","/app/medication-integration","MedicationIntegration","RESIDENT_FINANCE_ROLES","PCH_ALR_ONLY_FACILITY_TYPES"
"App.tsx","/app/fhir-integration","FhirIntegration","CLINICAL_CHART_ROLES",""
"App.tsx","/app/credentials","EmployeeCredentials","CREDENTIAL_ROLES",""
"App.tsx","/app/background-checks","BackgroundChecks","CREDENTIAL_ROLES",""
"App.tsx","/app/administrator-qualification","AdministratorQualification","ORG_MANAGE_ROLES","PCH_ALR_ONLY_FACILITY_TYPES"
"App.tsx","/app/policy-documents","PolicyDocuments","POLICY_ROLES",""
"App.tsx","/app/policy-documents/:id","PolicyDocumentDetail","POLICY_ROLES",""
"App.tsx","/attestations","AttestationsRedirect","ANY_ROLE",""
"App.tsx","/app/my-attestations","MyAttestations","ROSTERED_STAFF_ROLES",""
"App.tsx","/app/template-documents","TemplateDocuments","TEMPLATE_DOCUMENT_ROLES",""
"App.tsx","/app/template-documents/:code","TemplateDocumentDetail","TEMPLATE_DOCUMENT_ROLES",""
"App.tsx","/app/dhs-forms","DhsFormsLibrary","TEMPLATE_DOCUMENT_ROLES",""
"App.tsx","/app/incidents","Incidents","INCIDENT_ROLES",""
"App.tsx","/app/report-event","ReportEvent","REPORTS_VIEW_ROLES",""
"App.tsx","/app/incidents/:id","IncidentDetail","INCIDENT_ROLES",""
"App.tsx","/app/complaints","Complaints","INCIDENT_ROLES",""
"App.tsx","/app/complaints/:id","ComplaintDetail","INCIDENT_ROLES",""
"App.tsx","/app/confidential-incidents","ConfidentialIncidents","CONFIDENTIAL_INTAKE_ROLES",""
"App.tsx","/app/confidential-incidents/:id","ConfidentialIncidentDetail","CONFIDENTIAL_INTAKE_ROLES",""
"App.tsx","/app/work","WorkQueue","WORK_QUEUE_ROLES",""
"App.tsx","/app/work/:id","WorkItemDetail","WORK_QUEUE_ROLES",""
"App.tsx","/app/evidence","EvidenceRoom","EVIDENCE_ROOM_ROLES",""
"App.tsx","/app/evidence/:id","EvidenceCollectionDetail","EVIDENCE_ROOM_ROLES",""
"App.tsx","/app/guest-access","GuestAccessCenter","EVIDENCE_ROOM_ROLES",""
"App.tsx","/app/violations","Violations","VIOLATION_ROLES",""
"App.tsx","/app/violations/:id","ViolationDetail","VIOLATION_ROLES",""
"App.tsx","/app/residents","Residents","RESIDENT_ROLES","PCH_ALR_ONLY_FACILITY_TYPES"
"App.tsx","/app/residents/:id","ResidentDetail","RESIDENT_ROLES","PCH_ALR_ONLY_FACILITY_TYPES"
"App.tsx","/app/residents/:id/chart","ResidentClinicalChart","CLINICAL_CHART_ROLES",""
"App.tsx","/app/resident-compliance","ResidentComplianceReport","RESIDENT_ROLES","PCH_ALR_ONLY_FACILITY_TYPES"
"App.tsx","/app/state-forms","StateFormsCenter","RESIDENT_ROLES","PCH_ALR_ONLY_FACILITY_TYPES"
"App.tsx","/app/services","ServiceDelivery","SERVICE_DELIVERY_ROLES","PCH_ALR_ONLY_FACILITY_TYPES"
"App.tsx","/app/resident-care-delivery","ResidentCareDelivery","SERVICE_DELIVERY_ROLES","PCH_ALR_ONLY_FACILITY_TYPES"
"App.tsx","/app/admissions","AdmissionOperations","ADMISSION_ROLES","PCH_ALR_ONLY_FACILITY_TYPES"
"App.tsx","/app/admissions/move-ins/:id","MoveInWorkspaceDetail","ADMISSION_ROLES","PCH_ALR_ONLY_FACILITY_TYPES"
"App.tsx","/app/change-of-condition","ChangeOfConditionQueue","CHANGE_EVENT_ROLES","PCH_ALR_ONLY_FACILITY_TYPES"
"App.tsx","/app/change-of-condition/:id","ChangeOfConditionDetail","CHANGE_EVENT_ROLES","PCH_ALR_ONLY_FACILITY_TYPES"
"App.tsx","/app/dietary-operations","DietaryOperations","DIETARY_ROLES","PCH_ALR_ONLY_FACILITY_TYPES"
"App.tsx","/app/resident-services-calendar","ResidentServicesCalendar","RESIDENT_CALENDAR_ROLES","PCH_ALR_ONLY_FACILITY_TYPES"
"App.tsx","/app/resident-finance","ResidentFinancialOperations","RESIDENT_FINANCE_ROLES","PCH_ALR_ONLY_FACILITY_TYPES"
"App.tsx","/app/qapi","QapiDashboard","CHANGE_EVENT_ROLES","PCH_ALR_ONLY_FACILITY_TYPES"
"App.tsx","/app/qapi/projects/:id","QapiProjectDetail","CHANGE_EVENT_ROLES","PCH_ALR_ONLY_FACILITY_TYPES"
"App.tsx","/app/emergency","EmergencyOperations","EMERGENCY_ROLES","PCH_ALR_ONLY_FACILITY_TYPES"
"App.tsx","/app/emergency/:id","EmergencyEventDetail","EMERGENCY_ROLES","PCH_ALR_ONLY_FACILITY_TYPES"
"App.tsx","/app/residents/:residentId/assessment-forms/:formId","ResidentAssessmentFormEditor","RESIDENT_ROLES","PCH_ALR_ONLY_FACILITY_TYPES"
"App.tsx","/app/inspections","InspectionItems","INSPECTION_ROLES","PCH_ALR_ONLY_FACILITY_TYPES"
"App.tsx","/app/inspections/:id","InspectionItemDetail","INSPECTION_ROLES","PCH_ALR_ONLY_FACILITY_TYPES"
"App.tsx","/app/maintenance","Maintenance","MAINTENANCE_ROLES","PCH_ALR_ONLY_FACILITY_TYPES"
"App.tsx","/app/maintenance/scan/:kind/:token","MaintenanceScan","MAINTENANCE_ROLES","PCH_ALR_ONLY_FACILITY_TYPES"
"App.tsx","/app/maintenance/:id","WorkOrderDetail","MAINTENANCE_ROLES","PCH_ALR_ONLY_FACILITY_TYPES"
"App.tsx","/app/alerts","Alerts","ORG_ROLES",""
"App.tsx","/app/reports/comprehensive","ComprehensiveReport","REPORTS_VIEW_ROLES",""
"App.tsx","/app/reports","Reports","REPORTS_VIEW_ROLES",""
"App.tsx","/app/documents","Documents","ORG_ROLES",""
"App.tsx","/app/pending-approvals","PendingApprovals","PENDING_APPROVAL_ROLES",""
"App.tsx","/app/users","Users","ORG_MANAGE_ROLES",""
"App.tsx","/app/settings","Settings","ORG_MANAGE_ROLES",""
"App.tsx","/app/billing","Billing","ORG_ADMIN_ONLY",""
"App.tsx","/app/enterprise","EnterpriseFoundation","ORG_ADMIN_ONLY",""
"App.tsx","/app/workforce-operations","QualifiedWorkforce","ORG_MANAGE_ROLES",""
"App.tsx","/app/governed-learning","GovernedLearning","ORG_MANAGE_ROLES",""
"App.tsx","/app/closed-loop-compliance","ClosedLoopCompliance","REPORTS_VIEW_ROLES",""
"App.tsx","/app/audit","AuditLog","AUDIT_LOG_ROLES",""
"App.tsx","/app/help","HelpCenter","ORG_ROLES",""
"App.tsx","/app/help/tickets/:id","SupportTicketRoute","see route body",""
"App.tsx","/app/schedule","Schedule","SCHEDULE_MANAGE_ROLES",""
"App.tsx","/app/schedule/setup","ScheduleSetup","SCHEDULE_MANAGE_ROLES",""
"App.tsx","/app/schedule/:id","ScheduleDetail","SCHEDULE_MANAGE_ROLES",""
"App.tsx","/trainer","TrainerDashboard","[""trainer""]",""
"App.tsx","/trainer/gaps","TrainerGaps","[""trainer""]",""
"App.tsx","/trainer/classes","TrainerClasses","CLASS_SCHEDULING_ROLES",""
"App.tsx","/trainer/classes/:id/kiosk","ClassKiosk","CLASS_SCHEDULING_ROLES",""
"App.tsx","/trainer/classes/:id","ClassDetail","CLASS_SCHEDULING_ROLES",""
"App.tsx","/trainer/retraining","RetrainingMonitor","[""trainer""]",""
"App.tsx","/trainer/facilities","Facilities","[""trainer""]",""
"App.tsx","/trainer/facilities/:id","FacilityDetail","[""trainer""]",""
"App.tsx","/trainer/employees","Employees","[""trainer""]",""
"App.tsx","/trainer/employees/:id","EmployeeDetail","[""trainer""]",""
"App.tsx","/me","EmployeeDashboard","[""employee""]",""
"App.tsx","/me/trainings","MyTrainings","[""employee""]",""
"App.tsx","/me/work","WorkQueue","[""employee""]",""
"App.tsx","/me/work/:id","WorkItemDetail","[""employee""]",""
"App.tsx","/me/floor","Floor","[""employee""]",""
"App.tsx","/me/residents","MyResidents","[""employee""]",""
"App.tsx","/me/residents/:id","MyResidentChart","[""employee""]",""
"App.tsx","/me/services","ServiceDelivery","[""employee""]",""
"App.tsx","/me/change-of-condition","ChangeOfConditionQueue","[""employee""]",""
"App.tsx","/me/change-of-condition/:id","ChangeOfConditionDetail","[""employee""]",""
"App.tsx","/me/dietary-operations","DietaryOperations","[""employee""]","PCH_ALR_ONLY_FACILITY_TYPES"
"App.tsx","/me/resident-services-calendar","ResidentServicesCalendar","[""employee""]","PCH_ALR_ONLY_FACILITY_TYPES"
"App.tsx","/me/shift","MyShift","[""employee""]",""
"App.tsx","/me/schedule","MySchedule","[""employee""]",""
"App.tsx","/me/certificates","MyCertificates","[""employee""]",""
"App.tsx","/me/courses","MyCourses","ANY_ROLE",""
"App.tsx","/me/courses/:assignmentId/offline","OfflineCourse","[""employee""]",""
"App.tsx","/me/courses/:assignmentId","TakeCourse","ANY_ROLE",""
"App.tsx","/me/courses/:assignmentId/quiz/:quizId","TakeQuiz","ANY_ROLE",""
"App.tsx","/me/documents","Documents","[""employee""]",""
"App.tsx","/me/credentials","MyCredentials","[""employee"", ""trainer""]",""
"App.tsx","/me/attestations","MyAttestations","[""employee""]",""
"App.tsx","/me/help","HelpCenter","[""employee""]",""
"App.tsx","/me/help/tickets/:id","SupportTicketRoute","see route body",""
"TrainApp.tsx","/","TrainHome","see route body",""
"TrainApp.tsx","/app","TrainHome","see route body",""
"TrainApp.tsx","/me","TrainHome","see route body",""
"TrainApp.tsx","/login","Login","see route body",""
"TrainApp.tsx","/demo","Demo","see route body",""
"TrainApp.tsx","/signup","Signup","see route body",""
"TrainApp.tsx","/forgot-password","ForgotPassword","see route body",""
"TrainApp.tsx","/reset-password","ResetPassword","see route body",""
"TrainApp.tsx","/legal/facility-signup","FacilitySignupLegal","see route body",""
"TrainApp.tsx","/verify/:slug","VerifyCertificate","see route body",""
"TrainApp.tsx","/passport/:slug","TrainingPassport","see route body",""
"TrainApp.tsx","/checkin/:token","CheckIn","see route body",""
"TrainApp.tsx","/checkin","CheckIn","see route body",""
"TrainApp.tsx","/privacy","Privacy","see route body",""
"TrainApp.tsx","/terms","Terms","see route body",""
"TrainApp.tsx","/admin","AdminDashboard","PLATFORM_ADMIN",""
"TrainApp.tsx","/admin/training-reports","TrainingReports","PLATFORM_ADMIN",""
"TrainApp.tsx","/account/security","MfaSettings","ANY_ROLE",""
"TrainApp.tsx","/account/notifications","NotificationSettings","ANY_ROLE",""
"TrainApp.tsx","/account/announcements","Announcements","ANY_ROLE",""
"TrainApp.tsx","/account/whats-new","ProductChangelog","ANY_ROLE",""
"TrainApp.tsx","/account/manager-digest/:id","ManagerDigest","ANY_ROLE",""
"TrainApp.tsx","/app/facilities","Facilities","ORG_ROLES",""
"TrainApp.tsx","/app/facilities/:id","FacilityDetail","ORG_ROLES",""
"TrainApp.tsx","/app/employees","Employees","ORG_ROLES",""
"TrainApp.tsx","/app/invitations","InvitationLifecycle","[""platform_admin"", ""org_admin"", ""facility_manager"", ""auditor""]",""
"TrainApp.tsx","/app/employees/:id","EmployeeDetail","ORG_ROLES",""
"TrainApp.tsx","/app/my-trainings","""/me/courses""","see route body",""
"TrainApp.tsx","/app/train","TrainWorkspace","ORG_ROLES",""
"TrainApp.tsx","/app/training-matrix","TrainingMatrix","ORG_ROLES",""
"TrainApp.tsx","/app/training-types","TrainingTypes","ORG_MANAGE_ROLES",""
"TrainApp.tsx","/app/courses","Courses","ORG_ROLES",""
"TrainApp.tsx","/app/courses/:id","CourseDetail","ORG_ROLES",""
"TrainApp.tsx","/app/course-assignments","CourseAssignments","ORG_ROLES",""
"TrainApp.tsx","/app/training-plans","TrainingPlans","ORG_ROLES",""
"TrainApp.tsx","/app/documents","Documents","ORG_ROLES",""
"TrainApp.tsx","/app/pending-approvals","PendingApprovals","PENDING_APPROVAL_ROLES",""
"TrainApp.tsx","/app/users","Users","ORG_MANAGE_ROLES",""
"TrainApp.tsx","/app/settings","Settings","ORG_MANAGE_ROLES",""
"TrainApp.tsx","/app/billing","Billing","ORG_ADMIN_ONLY",""
"TrainApp.tsx","/app/governed-learning","GovernedLearning","ORG_MANAGE_ROLES",""
"TrainApp.tsx","/app/help","HelpCenter","ORG_ROLES",""
"TrainApp.tsx","/trainer","TrainerDashboard","[""trainer""]",""
"TrainApp.tsx","/trainer/gaps","TrainerGaps","[""trainer""]",""
"TrainApp.tsx","/trainer/classes","TrainerClasses","CLASS_SCHEDULING_ROLES",""
"TrainApp.tsx","/trainer/classes/:id/kiosk","ClassKiosk","CLASS_SCHEDULING_ROLES",""
"TrainApp.tsx","/trainer/classes/:id","ClassDetail","CLASS_SCHEDULING_ROLES",""
"TrainApp.tsx","/trainer/retraining","RetrainingMonitor","[""trainer""]",""
"TrainApp.tsx","/trainer/facilities","Facilities","[""trainer""]",""
"TrainApp.tsx","/trainer/facilities/:id","FacilityDetail","[""trainer""]",""
"TrainApp.tsx","/trainer/employees","Employees","[""trainer""]",""
"TrainApp.tsx","/trainer/employees/:id","EmployeeDetail","[""trainer""]",""
"TrainApp.tsx","/me/trainings","MyTrainings","[""employee""]",""
"TrainApp.tsx","/me/certificates","MyCertificates","[""employee""]",""
"TrainApp.tsx","/me/courses","MyCourses","ANY_ROLE",""
"TrainApp.tsx","/me/courses/:assignmentId/offline","OfflineCourse","[""employee""]",""
"TrainApp.tsx","/me/courses/:assignmentId","TakeCourse","ANY_ROLE",""
"TrainApp.tsx","/me/courses/:assignmentId/quiz/:quizId","TakeQuiz","ANY_ROLE",""
"TrainApp.tsx","/me/documents","Documents","[""employee""]",""
"TrainApp.tsx","/me/help","HelpCenter","[""employee""]",""
"TrainApp.tsx","/app/help/tickets/:id","SupportTicketDetail","ORG_ROLES",""
"TrainApp.tsx","/me/help/tickets/:id","SupportTicketDetail","[""employee""]",""
